timestamp,function,duration_seconds,memory_kb,total_cpu_time_seconds
2025-07-17 14:38:44,generate_account,0.1761,68.51,0.0440
2025-07-17 14:38:44,generate_account,0.0289,2.03,0.0287
2025-07-17 14:38:44,generate_account,0.0262,2.03,0.0262
2025-07-17 14:38:44,create_qbft_file,0.2354,0.00,0.1031
2025-07-17 14:38:45,generate_keys,0.0700,106.72,0.0678
2025-07-17 14:38:55,create_genesis_file,9.6412,0.79,0.0080
2025-07-17 14:39:02,update_genesis_file,5.7088,3.94,0.0101
2025-07-17 14:39:08,update_extra_data_in_genesis,5.8169,4.25,0.0108
2025-07-17 14:41:03,load_public_key,0.0001,0.72,0.0001
2025-07-17 14:41:10,get_address,6.3142,1.47,0.0073
2025-07-17 14:41:10,sign_identity,0.2123,2225.82,0.2040
2025-07-17 14:41:10,check_smart_contract,0.0003,1.02,0.0003
2025-07-17 14:41:10,check_smart_contract_deployment,0.6585,1.36,0.0097
2025-07-17 14:41:11,verify_node_identity,0.1928,2229.98,0.1914
2025-07-17 14:41:11,is_node_registered_js,0.4065,1.09,0.0070
2025-07-17 14:41:16,register_node_on_chain,4.6605,1.37,0.0090
2025-07-17 14:41:16,register_node,6.6938,0.00,0.2360
2025-07-17 14:41:16,register_node,6.9373,0.00,0.2248
2025-07-17 14:44:32,check_smart_contract,0.0001,0.87,0.0001
2025-07-17 14:44:32,check_smart_contract_deployment,0.4260,36.57,0.0135
2025-07-17 14:44:32,verify_node_identity,0.0523,8.06,0.0521
2025-07-17 14:44:33,is_node_registered_js,0.3849,1.12,0.0073
2025-07-17 14:44:35,register_node_on_chain,2.6001,1.37,0.0073
2025-07-17 14:44:36,get_enode,0.0786,34.06,0.0128
2025-07-17 14:44:36,send_acknowledgment,0.6910,0.00,0.0204
2025-07-17 14:44:38,get_peers,0.4086,1.09,0.0073
2025-07-17 14:44:38,get_peers,0.3807,1.09,0.0061
2025-07-17 14:44:43,get_peers,0.3941,36.61,0.0129
2025-07-17 14:44:49,get_peers,0.4193,1.06,0.0182
2025-07-17 14:44:54,get_peers,0.3997,36.50,0.0137
2025-07-17 14:45:00,get_peers,0.4235,1.09,0.0198
2025-07-17 14:45:05,emitValidatorProposalToChain,5.5752,39.26,0.0243
2025-07-17 14:45:06,proposeValidator,0.4228,1.22,0.0075
2025-07-17 14:45:22,register_node,50.1739,0.00,0.3773
2025-07-17 14:45:57,check_smart_contract,0.0003,0.87,0.0003
2025-07-17 14:45:58,check_smart_contract_deployment,0.4338,1.06,0.0157
2025-07-17 14:45:58,verify_node_identity,0.0504,1.27,0.0503
2025-07-17 14:45:58,is_node_registered_js,0.3938,1.09,0.0068
2025-07-17 14:45:58,register_node,0.8816,0.00,0.0765
2025-07-17 14:48:30,check_smart_contract,0.0001,2.18,0.0002
2025-07-17 14:48:30,check_smart_contract_deployment,0.4303,1.06,0.0069
2025-07-17 14:48:31,is_node_registered_js,0.4126,1.09,0.0062
2025-07-17 14:48:31,get_node_details_js,0.4092,2.21,0.0063
2025-07-17 14:48:32,check_token_availability,0.4003,1.03,0.0064
2025-07-17 14:48:40,issue_capability_token,8.6324,40.67,0.0396
2025-07-17 14:48:46,get_capability_token,0.4232,1.30,0.0209
2025-07-17 14:48:46,read,15.7198,0.00,0.0940
2025-07-17 14:49:04,check_smart_contract,0.0004,2.18,0.0004
2025-07-17 14:49:05,check_smart_contract_deployment,0.4359,1.06,0.0169
2025-07-17 14:49:05,is_node_registered_js,0.4027,1.09,0.0064
2025-07-17 14:49:06,get_node_details_js,0.5135,2.40,0.0062
2025-07-17 14:49:06,check_token_availability,0.4370,1.22,0.0071
2025-07-17 14:49:06,check_token_expiry,0.4436,1.09,0.0068
2025-07-17 14:49:07,get_capability_token,0.4133,1.62,0.0064
2025-07-17 14:49:07,read,2.6515,0.00,0.0554
2025-07-17 14:50:45,proposeValidator,0.3832,1.13,0.0061
2025-07-17 15:00:33,load_public_key,0.0001,0.79,0.0001
2025-07-17 15:00:39,get_address,5.6876,1.53,0.0085
2025-07-17 15:00:39,sign_identity,0.2088,2226.15,0.2017
2025-07-17 15:01:01,read_data,22.0145,0.00,0.2243
2025-07-17 15:03:31,generate_account,0.0425,68.50,0.0421
2025-07-17 15:03:31,generate_account,0.0252,2.03,0.0251
2025-07-17 15:03:31,generate_account,0.0269,2.03,0.0269
2025-07-17 15:03:31,create_qbft_file,0.0985,0.00,0.0981
2025-07-17 15:03:32,generate_keys,0.0727,106.67,0.0704
2025-07-17 15:03:38,create_genesis_file,5.6711,0.85,0.0092
2025-07-17 15:03:44,update_genesis_file,5.7657,3.87,0.0100
2025-07-17 15:03:51,update_extra_data_in_genesis,5.5478,4.22,0.0099
2025-07-17 15:05:17,load_public_key,0.0001,0.79,0.0001
2025-07-17 15:05:23,get_address,6.0219,1.53,0.0084
2025-07-17 15:05:23,sign_identity,0.2164,2225.81,0.2089
2025-07-17 15:05:23,check_smart_contract,0.0003,0.98,0.0004
2025-07-17 15:05:24,check_smart_contract_deployment,0.6598,1.36,0.0092
2025-07-17 15:05:24,verify_node_identity,0.1932,2228.89,0.1920
2025-07-17 15:05:25,is_node_registered_js,0.4113,1.09,0.0070
2025-07-17 15:05:29,register_node_on_chain,4.6473,1.37,0.0086
2025-07-17 15:05:30,register_node,6.7411,0.00,0.2367
2025-07-17 15:05:30,register_node,6.9900,0.00,0.2315
2025-07-17 15:08:02,check_smart_contract,0.0003,0.87,0.0003
2025-07-17 15:08:02,check_smart_contract_deployment,0.4572,1.06,0.0167
2025-07-17 15:08:02,verify_node_identity,0.0511,7.97,0.0512
2025-07-17 15:08:03,is_node_registered_js,0.3861,1.06,0.0065
2025-07-17 15:08:04,register_node_on_chain,1.5935,1.37,0.0069
2025-07-17 15:08:05,get_enode,0.0710,34.22,0.0128
2025-07-17 15:08:05,send_acknowledgment,0.4671,0.00,0.0204
2025-07-17 15:08:06,get_peers,0.4313,1.09,0.0071
2025-07-17 15:08:07,get_peers,0.4420,1.09,0.0072
2025-07-17 15:08:12,get_peers,0.3928,1.09,0.0070
2025-07-17 15:08:18,get_peers,0.4124,1.09,0.0200
2025-07-17 15:08:23,get_peers,0.3899,36.61,0.0134
2025-07-17 15:08:29,get_peers,0.4310,1.03,0.0202
2025-07-17 15:08:34,emitValidatorProposalToChain,5.5832,39.15,0.0367
2025-07-17 15:08:35,proposeValidator,0.4009,1.16,0.0071
2025-07-17 15:08:51,register_node,48.9357,0.00,0.4069
2025-07-17 15:09:07,check_smart_contract,0.0003,0.87,0.0003
2025-07-17 15:09:07,check_smart_contract_deployment,0.4407,1.06,0.0173
2025-07-17 15:09:07,verify_node_identity,0.0509,1.27,0.0509
2025-07-17 15:09:08,is_node_registered_js,0.4030,38.63,0.0127
2025-07-17 15:09:08,register_node,0.8984,0.00,0.0848
2025-07-17 15:09:29,check_smart_contract,0.0002,2.18,0.0002
2025-07-17 15:09:29,check_smart_contract_deployment,0.4340,1.06,0.0167
2025-07-17 15:09:30,is_node_registered_js,0.3984,1.09,0.0061
2025-07-17 15:09:30,get_node_details_js,0.4360,39.75,0.0123
2025-07-17 15:09:31,check_token_availability,0.4131,36.50,0.0129
2025-07-17 15:09:39,issue_capability_token,8.6935,2.70,0.0175
2025-07-17 15:09:45,get_capability_token,0.4320,1.30,0.0161
2025-07-17 15:09:45,read,15.8226,0.00,0.1204
2025-07-17 15:10:00,check_smart_contract,0.0002,2.18,0.0002
2025-07-17 15:10:01,check_smart_contract_deployment,0.4450,1.06,0.0071
2025-07-17 15:10:01,is_node_registered_js,0.4293,1.09,0.0069
2025-07-17 15:10:02,get_node_details_js,0.4278,2.40,0.0068
2025-07-17 15:10:02,check_token_availability,0.3880,1.22,0.0061
2025-07-17 15:10:02,check_token_expiry,0.3971,1.09,0.0067
2025-07-17 15:10:03,get_capability_token,0.3908,1.59,0.0061
2025-07-17 15:10:03,read,2.4835,0.00,0.0450
2025-07-17 15:11:01,proposeValidator,0.4090,1.13,0.0067
2025-07-17 15:11:13,proposeValidator,0.3824,1.15,0.0061
2025-07-17 15:20:53,load_public_key,0.0008,0.85,0.0008
2025-07-17 15:21:34,get_address,40.4521,1.59,0.0262
2025-07-17 15:21:35,sign_identity,0.9618,2226.41,0.6971
2025-07-17 15:22:02,read_data,27.8074,0.00,0.7684
2025-07-17 15:23:52,generate_account,0.1188,68.46,0.1176
2025-07-17 15:23:52,generate_account,0.0825,2.03,0.0816
2025-07-17 15:23:52,generate_account,0.1009,2.03,0.0809
2025-07-17 15:23:52,create_qbft_file,0.3206,0.00,0.2936
2025-07-17 15:23:58,generate_keys,0.2457,106.67,0.2320
2025-07-17 15:24:32,create_genesis_file,32.2252,0.85,0.0237
2025-07-17 15:25:04,update_genesis_file,28.9922,3.87,0.0304
2025-07-17 15:25:36,update_extra_data_in_genesis,28.6186,4.22,0.0350
2025-07-17 15:30:47,load_public_key,0.0004,0.79,0.0005
2025-07-17 15:31:23,get_address,35.5412,1.53,0.0310
2025-07-17 15:31:25,sign_identity,2.1908,2226.79,0.7469
2025-07-17 15:31:25,check_smart_contract,0.0009,0.98,0.0005
2025-07-17 15:31:30,check_smart_contract_deployment,4.8283,1.31,0.0321
2025-07-17 15:31:31,verify_node_identity,0.8873,2228.87,0.7264
2025-07-17 15:31:33,is_node_registered_js,2.0935,1.09,0.0283
2025-07-17 15:31:38,register_node_on_chain,5.2677,1.37,0.0283
2025-07-17 15:31:42,register_node,16.6558,0.00,0.8743
2025-07-17 15:31:42,register_node,19.2327,0.00,0.8275
2025-07-17 15:32:34,check_smart_contract,0.0003,0.87,0.0003
2025-07-17 15:32:34,check_smart_contract_deployment,0.4576,1.06,0.0185
2025-07-17 15:32:34,verify_node_identity,0.0713,8.32,0.0713
2025-07-17 15:32:35,is_node_registered_js,1.0171,1.09,0.0110
2025-07-17 15:32:45,register_node_on_chain,9.5654,5.21,0.1202
2025-07-17 15:32:46,get_enode,0.2735,34.11,0.0379
2025-07-17 15:32:47,send_acknowledgment,0.6736,0.00,0.0501
2025-07-17 15:32:51,get_peers,1.8836,1.03,0.0270
2025-07-17 15:32:53,get_peers,1.4687,1.09,0.0261
2025-07-17 15:33:01,get_peers,2.9395,1.12,0.0339
2025-07-17 15:33:13,get_peers,7.1849,38.63,0.0679
2025-07-17 15:33:20,get_peers,1.8521,1.12,0.0264
2025-07-17 15:33:25,emitValidatorProposalToChain,4.7982,1.25,0.0249
2025-07-17 15:33:37,proposeValidator,1.3639,1.19,0.0243
2025-07-17 15:33:50,register_node,76.6904,0.00,0.9048
2025-07-17 15:34:10,check_smart_contract,0.0003,0.87,0.0003
2025-07-17 15:34:11,check_smart_contract_deployment,0.5128,1.09,0.0203
2025-07-17 15:34:11,verify_node_identity,0.0838,1.27,0.0837
2025-07-17 15:34:15,is_node_registered_js,4.0184,1.09,0.0141
2025-07-17 15:34:15,register_node,4.6265,0.00,0.1253
2025-07-17 15:39:09,check_smart_contract,0.0005,2.21,0.0005
2025-07-17 15:39:13,check_smart_contract_deployment,4.1202,1.09,0.0328
2025-07-17 15:39:15,is_node_registered_js,1.8964,38.57,0.0546
2025-07-17 15:39:18,get_node_details_js,2.2649,37.62,0.0530
2025-07-17 15:39:20,check_token_availability,2.1502,36.80,0.0509
2025-07-17 15:39:30,issue_capability_token,10.6500,1.92,0.0315
2025-07-17 15:39:39,get_capability_token,3.6829,1.50,0.0341
2025-07-17 15:39:39,read,29.8085,0.00,0.3307
2025-07-17 15:39:56,check_smart_contract,0.0002,2.18,0.0002
2025-07-17 15:39:57,check_smart_contract_deployment,0.4278,1.06,0.0126
2025-07-17 15:39:57,is_node_registered_js,0.5701,1.09,0.0076
2025-07-17 15:40:01,get_node_details_js,4.1710,40.25,0.0454
2025-07-17 15:40:04,check_token_availability,2.4550,36.63,0.0574
2025-07-17 15:40:06,check_token_expiry,2.2908,36.80,0.0517
2025-07-17 15:40:08,get_capability_token,1.9726,1.75,0.0277
2025-07-17 15:40:08,read,11.9007,0.00,0.2143
2025-07-17 15:41:07,proposeValidator,0.6882,1.13,0.0098
2025-07-17 15:41:25,proposeValidator,4.3903,1.19,0.0312
2025-07-17 15:51:54,load_public_key,0.0001,0.79,0.0001
2025-07-17 15:52:00,get_address,5.6992,1.53,0.0080
2025-07-17 15:52:00,sign_identity,0.2097,2225.61,0.1999
2025-07-17 15:52:26,read_data,25.9502,0.00,0.2214
2025-07-17 19:26:02,load_public_key,0.0001,0.79,0.0001
2025-07-17 19:26:08,get_address,6.0878,1.53,0.0090
2025-07-17 19:26:08,sign_identity,0.3405,2225.87,0.2038
2025-07-17 19:26:08,check_smart_contract,0.0002,1.02,0.0002
2025-07-17 19:26:09,check_smart_contract_deployment,0.4311,1.63,0.0071
2025-07-17 19:26:09,verify_node_identity,0.2051,2227.97,0.1972
2025-07-17 19:26:09,is_node_registered_js,0.4507,1.09,0.0071
2025-07-17 19:26:09,register_node,1.0935,0.00,0.2181
2025-07-17 19:26:09,register_node,1.4633,0.00,0.2242
2025-08-13 21:22:03,generate_account,0.2074,68.62,0.0502
2025-08-13 21:22:03,generate_account,0.0339,2.03,0.0339
2025-08-13 21:22:03,generate_account,0.0319,2.03,0.0319
2025-08-13 21:22:03,create_qbft_file,0.2776,0.00,0.1201
2025-08-13 21:22:03,generate_keys,0.0869,106.72,0.0852
2025-08-13 21:22:14,create_genesis_file,10.4042,0.79,0.0085
2025-08-13 21:22:22,update_genesis_file,6.4334,3.94,0.0118
2025-08-13 21:22:29,update_extra_data_in_genesis,6.4706,4.16,0.0112
2025-08-13 22:39:12,generate_account,0.0540,68.41,0.0529
2025-08-13 22:39:12,generate_account,0.0311,1.97,0.0311
2025-08-13 22:39:12,generate_account,0.0321,1.97,0.0321
2025-08-13 22:39:12,create_qbft_file,0.1234,0.00,0.1204
2025-08-13 22:39:13,generate_keys,0.0886,106.77,0.0865
2025-08-13 22:39:21,create_genesis_file,6.8073,0.79,0.0079
2025-08-13 22:39:28,update_genesis_file,6.5889,3.87,0.0103
2025-08-13 22:39:35,update_extra_data_in_genesis,6.5614,4.22,0.0108
2025-08-13 22:51:28,generate_account,0.0555,68.32,0.0534
2025-08-13 22:51:28,generate_account,0.0347,1.90,0.0347
2025-08-13 22:51:28,generate_account,0.0346,1.90,0.0345
2025-08-13 22:51:28,create_qbft_file,0.1305,0.00,0.1274
2025-08-13 22:51:29,generate_keys,0.0858,106.74,0.0841
2025-08-13 22:51:37,create_genesis_file,6.6641,0.79,0.0086
2025-08-13 22:51:44,update_genesis_file,6.2923,3.87,0.0111
2025-08-13 22:51:51,update_extra_data_in_genesis,6.5035,4.22,0.0110
2025-08-13 23:30:10,generate_account,0.0542,68.46,0.0529
2025-08-13 23:30:10,generate_account,0.0339,2.03,0.0340
2025-08-13 23:30:10,generate_account,0.0343,2.03,0.0343
2025-08-13 23:30:10,create_qbft_file,0.1275,0.00,0.1259
2025-08-13 23:30:11,generate_keys,0.0863,106.87,0.0845
2025-08-13 23:30:19,create_genesis_file,6.8132,0.85,0.0091
2025-08-13 23:30:26,update_genesis_file,6.7274,3.87,0.0113
2025-08-13 23:30:34,update_extra_data_in_genesis,6.7814,4.22,0.0108
2025-08-13 23:54:44,generate_account,0.0543,68.55,0.0530
2025-08-13 23:54:44,generate_account,0.0332,2.03,0.0332
2025-08-13 23:54:44,generate_account,0.0337,2.03,0.0337
2025-08-13 23:54:44,create_qbft_file,0.1273,0.00,0.1247
2025-08-13 23:54:45,generate_keys,0.0892,106.78,0.0875
2025-08-13 23:54:52,create_genesis_file,6.6952,0.85,0.0085
2025-08-13 23:54:59,update_genesis_file,6.3208,3.81,0.0097
2025-08-13 23:55:07,update_extra_data_in_genesis,6.6940,4.16,0.0106
2025-08-14 00:07:58,generate_account,0.0540,68.55,0.0526
2025-08-14 00:07:58,generate_account,0.0331,2.03,0.0330
2025-08-14 00:07:58,generate_account,0.0362,2.03,0.0361
2025-08-14 00:07:58,create_qbft_file,0.1291,0.00,0.1268
2025-08-14 00:07:59,generate_keys,0.0915,106.83,0.0899
2025-08-14 00:08:06,create_genesis_file,6.9199,0.85,0.0084
2025-08-14 00:08:14,update_genesis_file,6.7955,3.82,0.0110
2025-08-14 00:08:21,update_extra_data_in_genesis,6.7254,4.22,0.0111
2025-08-14 10:33:31,generate_account,0.0535,68.55,0.0523
2025-08-14 10:33:31,generate_account,0.0355,2.03,0.0355
2025-08-14 10:33:31,generate_account,0.0341,2.03,0.0341
2025-08-14 10:33:31,create_qbft_file,0.1298,0.00,0.1267
2025-08-14 10:33:32,generate_keys,0.0919,106.83,0.0904
2025-08-14 10:33:40,create_genesis_file,7.0867,0.85,0.0085
2025-08-14 10:33:48,update_genesis_file,6.7327,3.87,0.0105
2025-08-14 10:33:55,update_extra_data_in_genesis,6.6594,4.19,0.0105
2025-08-14 11:12:15,generate_account,0.0558,68.55,0.0540
2025-08-14 11:12:15,generate_account,0.0353,2.03,0.0352
2025-08-14 11:12:15,generate_account,0.0341,2.03,0.0339
2025-08-14 11:12:15,create_qbft_file,0.1316,0.00,0.1284
2025-08-14 11:12:16,generate_keys,0.0899,106.77,0.0863
2025-08-14 11:12:23,create_genesis_file,6.7278,0.85,0.0085
2025-08-14 11:12:31,update_genesis_file,6.4844,3.87,0.0125
2025-08-14 11:12:38,update_extra_data_in_genesis,6.3151,4.22,0.0103
2025-08-14 13:22:27,generate_account,0.2106,68.65,0.0546
2025-08-14 13:22:28,generate_account,0.0334,2.09,0.0334
2025-08-14 13:22:28,generate_account,0.0360,2.09,0.0360
2025-08-14 13:22:28,create_qbft_file,0.2868,0.00,0.1293
2025-08-14 13:22:28,generate_keys,0.0912,106.87,0.0895
2025-08-14 13:22:38,create_genesis_file,8.4472,0.85,0.0075
2025-08-14 13:22:45,update_genesis_file,6.8314,3.87,0.0098
2025-08-14 13:22:53,update_extra_data_in_genesis,6.7524,4.11,0.0105
2025-08-14 13:38:45,start_blockchain_node,7.2486,1.88,0.0102
2025-08-14 13:40:28,start_blockchain_node,7.2663,1.82,0.0104
2025-08-14 13:41:15,start_blockchain_node,6.9763,1.88,0.0096
2025-08-14 13:45:20,generate_account,0.0550,68.46,0.0545
2025-08-14 13:45:20,generate_account,0.0343,1.97,0.0343
2025-08-14 13:45:20,generate_account,0.0351,1.97,0.0350
2025-08-14 13:45:20,create_qbft_file,0.1296,0.00,0.1289
2025-08-14 13:45:21,generate_keys,0.0879,106.78,0.0867
2025-08-14 13:45:29,create_genesis_file,6.8937,0.85,0.0093
2025-08-14 13:45:36,update_genesis_file,6.8491,3.87,0.0107
2025-08-14 13:45:44,update_extra_data_in_genesis,6.7587,4.22,0.0103
2025-08-14 13:51:39,generate_account,0.0546,68.40,0.0541
2025-08-14 13:51:40,generate_account,0.0350,1.97,0.0349
2025-08-14 13:51:40,generate_account,0.0323,1.97,0.0323
2025-08-14 13:51:40,create_qbft_file,0.1270,0.00,0.1264
2025-08-14 13:51:40,generate_keys,0.0873,106.74,0.0870
2025-08-14 13:51:48,create_genesis_file,6.8052,0.85,0.0092
2025-08-14 13:51:56,update_genesis_file,6.9101,3.87,0.0104
2025-08-14 13:52:03,update_extra_data_in_genesis,6.8249,4.16,0.0111
2025-08-14 14:34:01,generate_account,0.0557,68.40,0.0544
2025-08-14 14:34:01,generate_account,0.0350,1.97,0.0350
2025-08-14 14:34:01,generate_account,0.0333,1.97,0.0333
2025-08-14 14:34:01,create_qbft_file,0.1290,0.00,0.1275
2025-08-14 14:34:02,generate_keys,0.0897,106.76,0.0891
2025-08-14 14:34:10,create_genesis_file,6.9332,0.85,0.0089
2025-08-14 14:34:18,update_genesis_file,6.7803,3.87,0.0105
2025-08-14 14:34:25,update_extra_data_in_genesis,6.7399,4.16,0.0120
2025-08-14 15:00:45,generate_account,0.0533,68.46,0.0529
2025-08-14 15:00:45,generate_account,0.0353,1.97,0.0352
2025-08-14 15:00:45,generate_account,0.0348,1.97,0.0348
2025-08-14 15:00:45,create_qbft_file,0.1286,0.00,0.1280
2025-08-14 15:00:46,generate_keys,0.0878,109.89,0.0875
2025-08-14 15:00:54,create_genesis_file,6.7517,0.85,0.0087
2025-08-14 15:01:01,update_genesis_file,6.7641,3.87,0.0104
2025-08-14 15:01:08,update_extra_data_in_genesis,6.5176,4.22,0.0109
2025-08-14 15:11:44,generate_account,0.0515,68.37,0.0511
2025-08-14 15:11:44,generate_account,0.0345,1.90,0.0345
2025-08-14 15:11:44,generate_account,0.0338,1.90,0.0338
2025-08-14 15:11:44,create_qbft_file,0.1243,0.00,0.1238
2025-08-14 15:11:45,generate_keys,0.0882,109.85,0.0879
2025-08-14 15:11:52,create_genesis_file,6.7626,0.85,0.0087
2025-08-14 15:12:00,update_genesis_file,6.7843,3.75,0.0102
2025-08-14 15:12:07,update_extra_data_in_genesis,6.7639,4.22,0.0123
2025-08-14 17:34:59,generate_account,0.0558,68.46,0.0552
2025-08-14 17:34:59,generate_account,0.0345,1.97,0.0344
2025-08-14 17:34:59,generate_account,0.0347,1.97,0.0347
2025-08-14 17:34:59,create_qbft_file,0.1295,0.00,0.1288
2025-08-14 17:35:00,generate_keys,0.0869,110.12,0.0864
2025-08-14 17:35:08,create_genesis_file,6.9927,0.85,0.0095
2025-08-14 17:35:15,update_genesis_file,6.8322,3.87,0.0122
2025-08-14 17:35:23,update_extra_data_in_genesis,6.8651,4.22,0.0112
2025-08-15 14:14:44,generate_account,0.0584,68.65,0.0499
2025-08-15 14:14:44,generate_account,0.0333,2.09,0.0334
2025-08-15 14:14:44,generate_account,0.0328,2.09,0.0328
2025-08-15 14:14:44,create_qbft_file,0.1292,0.00,0.1203
2025-08-15 14:14:44,generate_keys,0.0911,110.00,0.0894
2025-08-15 14:14:52,create_genesis_file,6.7826,0.85,0.0087
2025-08-15 14:14:59,update_genesis_file,6.2541,3.87,0.0099
2025-08-15 14:15:06,update_extra_data_in_genesis,6.1357,4.16,0.0105
2025-08-15 17:53:07,generate_account,0.2144,68.60,0.0536
2025-08-15 17:53:07,generate_account,0.0334,2.09,0.0334
2025-08-15 17:53:07,generate_account,0.0333,2.09,0.0332
2025-08-15 17:53:07,create_qbft_file,0.2876,0.00,0.1249
2025-08-15 17:53:08,generate_keys,0.0904,110.47,0.0882
2025-08-15 17:53:17,create_genesis_file,8.4810,0.85,0.0098
2025-08-15 17:53:24,update_genesis_file,6.2611,3.81,0.0100
2025-08-15 17:53:31,update_extra_data_in_genesis,6.0575,4.16,0.0105
2025-08-15 18:06:19,health,1.1278,3.80,0.0303
2025-08-15 19:20:34,generate_account,0.0554,68.35,0.0536
2025-08-15 19:20:34,generate_account,0.0343,1.97,0.0343
2025-08-15 19:20:34,generate_account,0.0360,1.97,0.0354
2025-08-15 19:20:34,create_qbft_file,0.1315,0.00,0.1283
2025-08-15 19:20:35,generate_keys,0.0893,110.42,0.0879
2025-08-15 19:20:42,create_genesis_file,7.0995,0.85,0.0089
2025-08-15 19:20:50,update_genesis_file,6.7525,3.81,0.0098
2025-08-15 19:20:57,update_extra_data_in_genesis,6.2985,4.16,0.0098
2025-08-15 19:39:36,register_node,142.4473,20.77,14.8266
2025-08-15 20:15:58,register_node,6.2823,2278.11,0.8919
2025-08-15 20:16:19,register_node,1.1007,5.89,0.1889
2025-08-15 20:16:35,register_node,1.0667,5.87,0.1887
2025-08-15 20:18:21,health,0.9993,2.96,0.1118
2025-08-15 20:19:23,validators,0.5008,2.27,0.1038
2025-08-15 20:22:42,register_node,1.2519,5.30,0.1861
2025-08-15 23:12:27,generate_account,0.0556,68.55,0.0536
2025-08-15 23:12:27,generate_account,0.0336,2.03,0.0335
2025-08-15 23:12:27,generate_account,0.0340,2.03,0.0340
2025-08-15 23:12:27,create_qbft_file,0.1286,0.00,0.1255
2025-08-15 23:12:28,generate_keys,0.0871,110.53,0.0856
2025-08-15 23:12:35,create_genesis_file,6.7488,0.85,0.0097
2025-08-15 23:12:43,update_genesis_file,6.7417,3.81,0.0100
2025-08-15 23:12:50,update_extra_data_in_genesis,6.4015,4.16,0.0104
2025-08-15 23:14:00,start_blockchain_node,8.6288,2.23,0.0102
2025-08-16 00:23:57,generate_account,0.0518,68.55,0.0515
2025-08-16 00:23:57,generate_account,0.0339,2.03,0.0339
2025-08-16 00:23:57,generate_account,0.0337,2.03,0.0337
2025-08-16 00:23:57,create_qbft_file,0.1246,0.00,0.1234
2025-08-16 00:23:58,generate_keys,0.0898,110.47,0.0879
2025-08-16 00:24:05,create_genesis_file,6.3569,0.85,0.0083
2025-08-16 00:24:12,update_genesis_file,6.6208,3.87,0.0105
2025-08-16 00:24:20,update_extra_data_in_genesis,6.5732,4.22,0.0103
2025-08-16 00:25:24,start_blockchain_node,8.8107,2.23,0.0110
2025-08-16 03:09:53,generate_account,0.0518,68.37,0.0514
2025-08-16 03:09:53,generate_account,0.0351,1.93,0.0350
2025-08-16 03:09:53,generate_account,0.0338,1.97,0.0338
2025-08-16 03:09:53,create_qbft_file,0.1262,0.00,0.1249
2025-08-16 03:09:54,generate_keys,0.0897,110.58,0.0887
2025-08-16 03:10:04,create_genesis_file,9.2687,0.85,0.0105
2025-08-16 03:10:16,update_genesis_file,11.4424,3.87,0.0129
2025-08-16 03:10:28,update_extra_data_in_genesis,11.0206,4.16,0.0110
2025-08-16 03:13:11,generate_account,0.0518,68.37,0.0514
2025-08-16 03:13:11,generate_account,0.0341,1.90,0.0341
2025-08-16 03:13:11,generate_account,0.0357,1.90,0.0357
2025-08-16 03:13:11,create_qbft_file,0.1262,0.00,0.1257
2025-08-16 03:13:12,generate_keys,0.0865,110.58,0.0862
2025-08-16 03:13:19,create_genesis_file,6.6858,0.79,0.0084
2025-08-16 03:13:27,update_genesis_file,6.7103,3.84,0.0105
2025-08-16 03:13:34,update_extra_data_in_genesis,6.7061,4.22,0.0109
2025-08-16 03:31:47,generate_account,0.0526,68.51,0.0515
2025-08-16 03:31:47,generate_account,0.0336,2.03,0.0335
2025-08-16 03:31:47,generate_account,0.0338,2.03,0.0338
2025-08-16 03:31:47,create_qbft_file,0.1251,0.00,0.1235
2025-08-16 03:31:48,generate_keys,0.0908,110.52,0.0892
2025-08-16 03:31:56,create_genesis_file,6.8251,0.85,0.0092
2025-08-16 03:32:03,update_genesis_file,6.6853,3.82,0.0115
2025-08-16 03:32:11,update_extra_data_in_genesis,6.5613,4.16,0.0107
2025-08-16 12:25:19,generate_account,0.0513,68.46,0.0505
2025-08-16 12:25:19,generate_account,0.0329,2.03,0.0328
2025-08-16 12:25:19,generate_account,0.0337,2.03,0.0337
2025-08-16 12:25:19,create_qbft_file,0.1245,0.00,0.1212
2025-08-16 12:25:19,generate_keys,0.0920,110.58,0.0899
2025-08-16 12:25:27,create_genesis_file,6.8978,0.85,0.0093
2025-08-16 12:25:34,update_genesis_file,6.3406,3.81,0.0104
2025-08-16 12:25:41,update_extra_data_in_genesis,6.3688,4.16,0.0104
2025-08-16 14:09:54,generate_account,0.0535,68.42,0.0524
2025-08-16 14:09:54,generate_account,0.0336,1.97,0.0336
2025-08-16 14:09:55,generate_account,0.0318,1.97,0.0318
2025-08-16 14:09:55,create_qbft_file,0.1245,0.00,0.1219
2025-08-16 14:09:55,generate_keys,0.0909,110.53,0.0888
2025-08-16 14:10:03,create_genesis_file,6.8484,0.85,0.0090
2025-08-16 14:10:11,update_genesis_file,6.8445,3.87,0.0106
2025-08-16 14:10:18,update_extra_data_in_genesis,6.6595,4.22,0.0112
2025-08-16 14:13:52,generate_account,0.0523,68.32,0.0519
2025-08-16 14:13:52,generate_account,0.0328,1.90,0.0328
2025-08-16 14:13:52,generate_account,0.0312,1.90,0.0312
2025-08-16 14:13:52,create_qbft_file,0.1207,0.00,0.1203
2025-08-16 14:13:53,generate_keys,0.0874,110.42,0.0871
2025-08-16 14:14:00,create_genesis_file,6.3354,0.79,0.0089
2025-08-16 14:14:07,update_genesis_file,6.6239,3.87,0.0105
2025-08-16 14:14:15,update_extra_data_in_genesis,6.7629,4.16,0.0101
2025-08-16 14:44:34,generate_account,0.0547,68.46,0.0537
2025-08-16 14:44:34,generate_account,0.0338,1.97,0.0338
2025-08-16 14:44:34,generate_account,0.0335,1.97,0.0335
2025-08-16 14:44:34,create_qbft_file,0.1266,0.00,0.1253
2025-08-16 14:44:35,generate_keys,0.0879,110.58,0.0865
2025-08-16 14:44:42,create_genesis_file,6.5795,0.85,0.0089
2025-08-16 14:44:49,update_genesis_file,6.2495,3.87,0.0104
2025-08-16 14:44:56,update_extra_data_in_genesis,6.3081,4.16,0.0106
2025-08-16 15:09:31,generate_account,0.0538,68.42,0.0535
2025-08-16 15:09:31,generate_account,0.0337,1.97,0.0337
2025-08-16 15:09:31,generate_account,0.0332,1.97,0.0332
2025-08-16 15:09:31,create_qbft_file,0.1263,0.00,0.1249
2025-08-16 15:09:32,generate_keys,0.0852,110.47,0.0838
2025-08-16 15:09:39,create_genesis_file,6.3765,0.79,0.0085
2025-08-16 15:09:46,update_genesis_file,6.4187,3.87,0.0110
2025-08-16 15:09:53,update_extra_data_in_genesis,6.5260,4.16,0.0106
2025-08-16 15:25:18,generate_account,0.0521,68.46,0.0513
2025-08-16 15:25:18,generate_account,0.0324,2.00,0.0324
2025-08-16 15:25:18,generate_account,0.0328,2.03,0.0328
2025-08-16 15:25:18,create_qbft_file,0.1234,0.00,0.1207
2025-08-16 15:25:19,generate_keys,0.0869,110.52,0.0854
2025-08-16 15:25:26,create_genesis_file,6.5780,0.85,0.0089
2025-08-16 15:25:34,update_genesis_file,6.5841,3.87,0.0116
2025-08-16 15:25:41,update_extra_data_in_genesis,6.2149,4.16,0.0104
2025-08-16 16:58:12,generate_account,0.0548,68.37,0.0534
2025-08-16 16:58:12,generate_account,0.0359,1.93,0.0359
2025-08-16 16:58:12,generate_account,0.0336,1.97,0.0336
2025-08-16 16:58:12,create_qbft_file,0.1299,0.00,0.1273
2025-08-16 16:58:13,generate_keys,0.0864,110.52,0.0850
2025-08-16 16:58:21,create_genesis_file,6.6988,0.79,0.0087
2025-08-16 16:58:28,update_genesis_file,6.6333,3.87,0.0103
2025-08-16 16:58:35,update_extra_data_in_genesis,6.1953,4.04,0.0103
2025-08-16 17:33:34,generate_account,0.0542,68.37,0.0522
2025-08-16 17:33:34,generate_account,0.0359,1.97,0.0359
2025-08-16 17:33:34,generate_account,0.0357,1.97,0.0355
2025-08-16 17:33:34,create_qbft_file,0.1318,0.00,0.1284
2025-08-16 17:33:35,generate_keys,0.0908,110.58,0.0885
2025-08-16 17:33:42,create_genesis_file,6.7536,0.85,0.0095
2025-08-16 17:33:49,update_genesis_file,6.3529,3.87,0.0107
2025-08-16 17:33:56,update_extra_data_in_genesis,6.2569,4.16,0.0104
2025-08-16 17:44:17,generate_account,0.0539,68.37,0.0535
2025-08-16 17:44:17,generate_account,0.0336,1.93,0.0336
2025-08-16 17:44:17,generate_account,0.0336,1.97,0.0336
2025-08-16 17:44:17,create_qbft_file,0.1269,0.00,0.1253
2025-08-16 17:44:18,generate_keys,0.0987,110.48,0.0944
2025-08-16 17:44:25,create_genesis_file,6.6270,0.85,0.0085
2025-08-16 17:44:32,update_genesis_file,6.3533,3.81,0.0100
2025-08-16 17:44:39,update_extra_data_in_genesis,6.1949,4.16,0.0100
2025-08-16 17:50:45,generate_account,0.0544,68.37,0.0524
2025-08-16 17:50:45,generate_account,0.0327,1.90,0.0327
2025-08-16 17:50:45,generate_account,0.0335,1.90,0.0335
2025-08-16 17:50:45,create_qbft_file,0.1260,0.00,0.1230
2025-08-16 17:50:46,generate_keys,0.0895,110.48,0.0878
2025-08-16 17:50:53,create_genesis_file,6.6852,0.85,0.0089
2025-08-16 17:51:00,update_genesis_file,6.4001,3.81,0.0103
2025-08-16 17:51:07,update_extra_data_in_genesis,6.3519,4.16,0.0100
2025-08-16 19:47:18,generate_account,0.0541,68.55,0.0531
2025-08-16 19:47:18,generate_account,0.0337,2.03,0.0337
2025-08-16 19:47:18,generate_account,0.0339,2.03,0.0339
2025-08-16 19:47:18,create_qbft_file,0.1276,0.00,0.1254
2025-08-16 19:47:19,generate_keys,0.0873,110.69,0.0852
2025-08-16 19:47:27,create_genesis_file,7.1133,0.85,0.0097
2025-08-16 19:47:34,update_genesis_file,6.8444,3.87,0.0107
2025-08-16 19:47:42,update_extra_data_in_genesis,6.6934,4.22,0.0106
2025-08-16 21:46:41,generate_account,0.0514,68.46,0.0510
2025-08-16 21:46:41,generate_account,0.0344,1.97,0.0344
2025-08-16 21:46:41,generate_account,0.0340,1.97,0.0339
2025-08-16 21:46:41,create_qbft_file,0.1258,0.00,0.1241
2025-08-16 21:46:42,generate_keys,0.0862,110.59,0.0856
2025-08-16 21:46:49,create_genesis_file,6.5618,0.85,0.0092
2025-08-16 21:46:56,update_genesis_file,6.6437,3.81,0.0108
2025-08-16 21:47:04,update_extra_data_in_genesis,6.5661,4.11,0.0113
2025-08-16 22:39:04,generate_account,0.0552,68.55,0.0528
2025-08-16 22:39:04,generate_account,0.0342,2.03,0.0338
2025-08-16 22:39:04,generate_account,0.0358,2.03,0.0356
2025-08-16 22:39:04,create_qbft_file,0.1314,0.00,0.1275
2025-08-16 22:39:05,generate_keys,0.0870,110.43,0.0855
2025-08-16 22:39:12,create_genesis_file,6.8369,0.85,0.0088
2025-08-16 22:39:20,update_genesis_file,6.7592,3.81,0.0106
2025-08-16 22:39:27,update_extra_data_in_genesis,6.6349,4.22,0.0106
2025-08-17 00:32:06,generate_account,0.0579,68.55,0.0546
2025-08-17 00:32:06,generate_account,0.0359,2.03,0.0357
2025-08-17 00:32:06,generate_account,0.0340,2.03,0.0339
2025-08-17 00:32:06,create_qbft_file,0.1337,0.00,0.1290
2025-08-17 00:32:07,generate_keys,0.0910,110.65,0.0890
2025-08-17 00:32:14,create_genesis_file,6.7586,0.85,0.0083
2025-08-17 00:32:22,update_genesis_file,6.6931,3.87,0.0104
2025-08-17 00:32:29,update_extra_data_in_genesis,6.7574,4.16,0.0103
2025-08-17 01:08:22,generate_account,0.0561,68.51,0.0540
2025-08-17 01:08:22,generate_account,0.0336,2.03,0.0335
2025-08-17 01:08:22,generate_account,0.0343,2.03,0.0343
2025-08-17 01:08:22,create_qbft_file,0.1297,0.00,0.1266
2025-08-17 01:08:23,generate_keys,0.0870,110.65,0.0855
2025-08-17 01:08:30,create_genesis_file,6.7373,0.79,0.0087
2025-08-17 01:08:38,update_genesis_file,6.7472,3.87,0.0108
2025-08-17 01:08:45,update_extra_data_in_genesis,6.6508,4.22,0.0107
2025-08-17 01:24:29,generate_account,0.0553,68.49,0.0542
2025-08-17 01:24:29,generate_account,0.0333,2.03,0.0333
2025-08-17 01:24:29,generate_account,0.0350,2.03,0.0350
2025-08-17 01:24:29,create_qbft_file,0.1291,0.00,0.1269
2025-08-17 01:24:30,generate_keys,0.0894,110.65,0.0875
2025-08-17 01:24:38,create_genesis_file,6.8757,0.85,0.0090
2025-08-17 01:24:45,update_genesis_file,6.7479,3.87,0.0103
2025-08-17 01:24:53,update_extra_data_in_genesis,6.7720,4.22,0.0116
2025-08-17 01:41:24,generate_account,0.0559,68.51,0.0546
2025-08-17 01:41:24,generate_account,0.0328,2.03,0.0328
2025-08-17 01:41:24,generate_account,0.0346,2.03,0.0346
2025-08-17 01:41:24,create_qbft_file,0.1292,0.00,0.1268
2025-08-17 01:41:25,generate_keys,0.0908,110.65,0.0892
2025-08-17 01:41:33,create_genesis_file,6.8028,0.85,0.0091
2025-08-17 01:41:40,update_genesis_file,6.7358,3.81,0.0105
2025-08-17 01:41:48,update_extra_data_in_genesis,6.8684,4.16,0.0104
2025-08-17 02:03:59,generate_account,0.0558,68.51,0.0540
2025-08-17 02:03:59,generate_account,0.0341,2.03,0.0341
2025-08-17 02:03:59,generate_account,0.0339,2.03,0.0339
2025-08-17 02:03:59,create_qbft_file,0.1297,0.00,0.1267
2025-08-17 02:04:00,generate_keys,0.0900,110.65,0.0885
2025-08-17 02:04:07,create_genesis_file,6.7227,0.85,0.0085
2025-08-17 02:04:14,update_genesis_file,6.2447,3.81,0.0107
2025-08-17 02:04:21,update_extra_data_in_genesis,6.3612,4.16,0.0101
2025-08-17 03:01:07,generate_account,0.0528,68.51,0.0516
2025-08-17 03:01:07,generate_account,0.0343,2.03,0.0342
2025-08-17 03:01:07,generate_account,0.0332,2.03,0.0331
2025-08-17 03:01:07,create_qbft_file,0.1286,0.00,0.1238
2025-08-17 03:01:08,generate_keys,0.0917,110.44,0.0902
2025-08-17 03:01:16,create_genesis_file,6.7604,0.85,0.0084
2025-08-17 03:01:23,update_genesis_file,6.2746,3.81,0.0104
2025-08-17 03:01:29,update_extra_data_in_genesis,6.1311,4.16,0.0104
2025-08-17 03:37:59,generate_account,0.0572,68.46,0.0546
2025-08-17 03:37:59,create_qbft_file,0.0611,0.00,0.0575
2025-08-17 03:38:00,generate_keys,0.0882,110.69,0.0879
2025-08-17 03:38:08,create_genesis_file,6.6525,0.79,0.0083
2025-08-17 03:38:15,update_genesis_file,6.2879,3.81,0.0100
2025-08-17 03:38:22,update_extra_data_in_genesis,6.3335,3.91,0.0107
2025-08-20 19:36:15,generate_account,0.0621,68.72,0.0526
2025-08-20 19:36:15,create_qbft_file,0.0657,0.00,0.0551
2025-08-20 19:36:16,generate_keys,0.0927,110.65,0.0879
2025-08-20 19:36:24,create_genesis_file,7.8954,0.85,0.0085
2025-08-20 19:36:31,update_genesis_file,6.4836,3.81,0.0101
2025-08-20 19:36:38,update_extra_data_in_genesis,6.3688,3.91,0.0103
2025-08-20 20:16:24,generate_account,0.0555,68.46,0.0550
2025-08-20 20:16:24,create_qbft_file,0.0589,0.00,0.0575
2025-08-20 20:16:25,generate_keys,0.0904,110.65,0.0888
2025-08-20 20:16:32,create_genesis_file,6.7501,0.85,0.0091
2025-08-20 20:16:40,update_genesis_file,6.8222,3.87,0.0102
2025-08-20 20:16:47,update_extra_data_in_genesis,6.6519,3.91,0.0104
2025-08-21 00:04:17,generate_account,0.0532,68.46,0.0518
2025-08-21 00:04:17,create_qbft_file,0.0582,0.00,0.0543
2025-08-21 00:04:17,generate_keys,0.0890,110.65,0.0880
2025-08-21 00:04:25,create_genesis_file,6.5933,0.85,0.0083
2025-08-21 00:04:32,update_genesis_file,6.4405,3.87,0.0102
2025-08-21 00:04:39,update_extra_data_in_genesis,6.4947,3.97,0.0103
2025-08-21 00:14:20,generate_account,0.0528,68.37,0.0524
2025-08-21 00:14:20,create_qbft_file,0.0555,0.00,0.0551
2025-08-21 00:14:21,generate_keys,0.0895,110.65,0.0889
2025-08-21 00:14:29,create_genesis_file,6.6352,0.85,0.0085
2025-08-21 00:14:36,update_genesis_file,6.6411,3.75,0.0108
2025-08-21 00:14:43,update_extra_data_in_genesis,6.4262,3.97,0.0108
2025-08-21 00:55:18,generate_account,0.0554,68.37,0.0547
2025-08-21 00:55:18,create_qbft_file,0.0584,0.00,0.0577
2025-08-21 00:55:19,generate_keys,0.0888,110.56,0.0883
2025-08-21 00:55:26,create_genesis_file,6.7131,0.85,0.0088
2025-08-21 00:55:34,update_genesis_file,6.7010,3.81,0.0107
2025-08-21 00:55:41,update_extra_data_in_genesis,6.3924,3.97,0.0104
2025-08-21 01:16:01,generate_account,0.0542,68.46,0.0536
2025-08-21 01:16:01,create_qbft_file,0.0574,0.00,0.0568
2025-08-21 01:16:02,generate_keys,0.0865,110.48,0.0861
2025-08-21 01:16:09,create_genesis_file,6.6744,0.85,0.0086
2025-08-21 01:16:16,update_genesis_file,6.5987,3.81,0.0101
2025-08-21 01:16:24,update_extra_data_in_genesis,6.4388,3.97,0.0108
2025-08-21 01:29:47,generate_account,0.0530,68.32,0.0526
2025-08-21 01:29:47,create_qbft_file,0.0555,0.00,0.0551
2025-08-21 01:29:48,generate_keys,0.0876,110.42,0.0871
2025-08-21 01:29:55,create_genesis_file,6.3217,0.79,0.0090
2025-08-21 01:30:02,update_genesis_file,6.4798,3.81,0.0097
2025-08-21 01:30:09,update_extra_data_in_genesis,6.1975,3.79,0.0102
2025-08-21 01:42:56,generate_account,0.0526,68.32,0.0522
2025-08-21 01:42:56,create_qbft_file,0.0552,0.00,0.0548
2025-08-21 01:42:57,generate_keys,0.0857,110.47,0.0853
2025-08-21 01:43:04,create_genesis_file,6.6178,0.85,0.0084
2025-08-21 01:43:11,update_genesis_file,6.2274,3.81,0.0097
2025-08-21 01:43:18,update_extra_data_in_genesis,6.4471,3.91,0.0117
2025-08-21 01:59:11,generate_account,0.0523,68.27,0.0519
2025-08-21 01:59:11,create_qbft_file,0.0550,0.00,0.0546
2025-08-21 01:59:12,generate_keys,0.0885,110.37,0.0881
2025-08-21 01:59:20,create_genesis_file,6.7524,0.85,0.0088
2025-08-21 01:59:27,update_genesis_file,6.3429,3.87,0.0108
2025-08-21 01:59:33,update_extra_data_in_genesis,6.0532,3.91,0.0100
2025-08-21 02:07:50,generate_account,0.0551,68.37,0.0547
2025-08-21 02:07:50,create_qbft_file,0.0577,0.00,0.0573
2025-08-21 02:07:51,generate_keys,0.0854,110.42,0.0850
2025-08-21 02:07:58,create_genesis_file,6.6424,0.79,0.0084
2025-08-21 02:08:05,update_genesis_file,6.4774,3.81,0.0109
2025-08-21 02:08:12,update_extra_data_in_genesis,6.2526,3.97,0.0102
2025-08-21 02:14:35,generate_account,0.0515,68.37,0.0511
2025-08-21 02:14:35,create_qbft_file,0.0540,0.00,0.0536
2025-08-21 02:14:36,generate_keys,0.0884,110.43,0.0879
2025-08-21 02:14:43,create_genesis_file,6.6298,0.85,0.0086
2025-08-21 02:14:51,update_genesis_file,6.2859,3.87,0.0099
2025-08-21 02:14:57,update_extra_data_in_genesis,6.0688,3.91,0.0102
2025-08-21 02:20:35,generate_account,0.0521,68.28,0.0510
2025-08-21 02:20:35,create_qbft_file,0.0547,0.00,0.0536
2025-08-21 02:20:36,generate_keys,0.0862,110.49,0.0858
2025-08-21 02:20:43,create_genesis_file,6.7278,0.85,0.0083
2025-08-21 02:20:51,update_genesis_file,6.5915,3.81,0.0099
2025-08-21 02:20:58,update_extra_data_in_genesis,6.2400,3.91,0.0101
2025-08-21 03:00:41,generate_account,0.0616,68.46,0.0579
2025-08-21 03:00:41,create_qbft_file,0.0644,0.00,0.0606
2025-08-21 03:00:41,generate_keys,0.0888,110.58,0.0883
2025-08-21 03:00:49,create_genesis_file,6.7743,0.85,0.0095
2025-08-21 03:00:56,update_genesis_file,6.4473,3.81,0.0105
2025-08-21 03:01:03,update_extra_data_in_genesis,6.5786,3.97,0.0100
2025-08-24 22:33:41,generate_account,0.0521,68.32,0.0517
2025-08-24 22:33:41,create_qbft_file,0.0561,0.00,0.0547
2025-08-24 22:33:41,generate_keys,0.0883,110.47,0.0879
2025-08-24 22:33:50,create_genesis_file,7.9232,0.85,0.0077
2025-08-24 22:33:57,update_genesis_file,6.5072,3.81,0.0093
2025-08-24 22:34:04,update_extra_data_in_genesis,6.1922,3.97,0.0104
2025-08-24 22:39:48,generate_account,0.0544,68.41,0.0537
2025-08-24 22:39:48,create_qbft_file,0.0570,0.00,0.0563
2025-08-24 22:39:49,generate_keys,0.0895,110.39,0.0891
2025-08-24 22:39:56,create_genesis_file,6.7395,0.85,0.0085
2025-08-24 22:40:04,update_genesis_file,6.6362,3.81,0.0101
2025-08-24 22:40:11,update_extra_data_in_genesis,6.5272,3.91,0.0107
2025-08-25 21:59:17,generate_account,0.0564,68.46,0.0554
2025-08-25 21:59:17,create_qbft_file,0.0602,0.00,0.0583
2025-08-25 21:59:18,generate_keys,0.0913,110.53,0.0895
2025-08-25 21:59:25,create_genesis_file,6.7395,0.80,0.0085
2025-08-25 21:59:33,update_genesis_file,6.7760,3.87,0.0106
2025-08-25 21:59:40,update_extra_data_in_genesis,6.3292,3.97,0.0107
2025-08-25 22:48:59,generate_account,0.0521,68.46,0.0505
2025-08-25 22:48:59,create_qbft_file,0.0566,0.00,0.0529
2025-08-25 22:49:00,generate_keys,0.0913,110.53,0.0889
2025-08-25 22:49:07,create_genesis_file,6.9986,0.85,0.0090
2025-08-25 22:49:15,update_genesis_file,6.5796,3.87,0.0119
2025-08-25 22:49:22,update_extra_data_in_genesis,6.2215,3.91,0.0099
2025-08-26 00:14:07,generate_account,0.0522,68.55,0.0501
2025-08-26 00:14:07,create_qbft_file,0.0579,0.00,0.0528
2025-08-26 00:14:07,generate_keys,0.0846,110.52,0.0828
2025-08-26 00:14:17,create_genesis_file,8.4982,0.85,0.0088
2025-08-26 00:14:24,update_genesis_file,6.5074,3.81,0.0100
2025-08-26 00:14:31,update_extra_data_in_genesis,6.4125,3.91,0.0094
2025-08-26 00:28:16,generate_account,0.0516,68.42,0.0500
2025-08-26 00:28:16,create_qbft_file,0.0541,0.00,0.0525
2025-08-26 00:28:17,generate_keys,0.0917,110.48,0.0890
2025-08-26 00:28:24,create_genesis_file,6.6695,0.85,0.0087
2025-08-26 00:28:32,update_genesis_file,6.8202,3.87,0.0110
2025-08-26 00:28:39,update_extra_data_in_genesis,6.6218,3.91,0.0101
2025-08-26 00:41:06,generate_account,0.0535,68.41,0.0528
2025-08-26 00:41:06,create_qbft_file,0.0563,0.00,0.0556
2025-08-26 00:41:07,generate_keys,0.0911,110.39,0.0905
2025-08-26 00:41:15,create_genesis_file,6.8840,0.79,0.0083
2025-08-26 00:41:22,update_genesis_file,6.7896,3.87,0.0103
2025-08-26 00:41:30,update_extra_data_in_genesis,6.5023,3.91,0.0103
2025-08-26 01:34:29,generate_account,0.0516,68.32,0.0512
2025-08-26 01:34:29,create_qbft_file,0.0541,0.00,0.0538
2025-08-26 01:34:30,generate_keys,0.0857,110.46,0.0854
2025-08-26 01:34:38,create_genesis_file,6.9613,0.79,0.0080
2025-08-26 01:34:45,update_genesis_file,6.5830,3.82,0.0100
2025-08-26 01:34:52,update_extra_data_in_genesis,6.1652,3.91,0.0099
2025-08-26 01:51:03,generate_account,0.0532,68.46,0.0527
2025-08-26 01:51:03,create_qbft_file,0.0560,0.00,0.0555
2025-08-26 01:51:04,generate_keys,0.0895,110.53,0.0866
2025-08-26 01:51:12,create_genesis_file,6.8476,0.85,0.0086
2025-08-26 01:51:19,update_genesis_file,6.5028,3.87,0.0102
2025-08-26 01:51:26,update_extra_data_in_genesis,6.6800,3.91,0.0098
2025-08-26 02:00:49,generate_account,0.0535,68.46,0.0530
2025-08-26 02:00:49,create_qbft_file,0.0561,0.00,0.0556
2025-08-26 02:00:50,generate_keys,0.0860,110.58,0.0856
2025-08-26 02:00:58,create_genesis_file,6.7783,0.79,0.0086
2025-08-26 02:01:05,update_genesis_file,6.8279,3.87,0.0098
2025-08-26 02:01:12,update_extra_data_in_genesis,6.3541,3.91,0.0099
2026-03-30 12:36:19,start_blockchain_node,1.7077,2.00,0.0024
2026-03-30 12:37:24,start_blockchain_node,2.4580,1.96,0.0028
2026-04-10 14:03:47,create_qbft_file,0.0008,8.46,0.0008
2026-04-10 14:04:10,create_qbft_file,0.0006,5.97,0.0006
2026-04-10 14:42:01,create_qbft_file,0.0005,6.03,0.0006
2026-04-10 16:21:40,create_qbft_file,0.0007,6.34,0.0007
2026-04-13 14:13:56,create_qbft_file,0.0008,8.37,0.0008
